{
  "configVersion": 2,
  "packages": [
    {
      "name": "async",
      "rootUri": "file:///C:/Users/lenovo/AppData/Local/Pub/Cache/hosted/pub.flutter-io.cn/async-2.9.0",
      "packageUri": "lib/",
      "languageVersion": "2.14"
    },
    {
      "name": "boolean_selector",
      "rootUri": "file:///C:/Users/lenovo/AppData/Local/Pub/Cache/hosted/pub.flutter-io.cn/boolean_selector-2.1.0",
      "packageUri": "lib/",
      "languageVersion": "2.12"
    },
    {
      "name": "characters",
      "rootUri": "file:///C:/Users/lenovo/AppData/Local/Pub/Cache/hosted/pub.flutter-io.cn/characters-1.2.1",
      "packageUri": "lib/",
      "languageVersion": "2.12"
    },
    {
      "name": "clock",
      "rootUri": "file:///C:/Users/lenovo/AppData/Local/Pub/Cache/hosted/pub.flutter-io.cn/clock-1.1.1",
      "packageUri": "lib/",
      "languageVersion": "2.12"
    },
    {
      "name": "collection",
      "rootUri": "file:///C:/Users/lenovo/AppData/Local/Pub/Cache/hosted/pub.flutter-io.cn/collection-1.16.0",
      "packageUri": "lib/",
      "languageVersion": "2.12"
    },
    {
      "name": "csslib",
      "rootUri": "file:///C:/Users/lenovo/AppData/Local/Pub/Cache/hosted/pub.flutter-io.cn/csslib-0.17.2",
      "packageUri": "lib/",
      "languageVersion": "2.12"
    },
    {
      "name": "cupertino_icons",
      "rootUri": "file:///C:/Users/lenovo/AppData/Local/Pub/Cache/hosted/pub.flutter-io.cn/cupertino_icons-1.0.5",
      "packageUri": "lib/",
      "languageVersion": "2.12"
    },
    {
      "name": "date_format",
      "rootUri": "file:///C:/Users/lenovo/AppData/Local/Pub/Cache/hosted/pub.flutter-io.cn/date_format-2.0.6",
      "packageUri": "lib/",
      "languageVersion": "2.12"
    },
    {
      "name": "emoji_picker_flutter",
      "rootUri": "file:///C:/Users/lenovo/AppData/Local/Pub/Cache/hosted/pub.flutter-io.cn/emoji_picker_flutter-1.3.1",
      "packageUri": "lib/",
      "languageVersion": "2.17"
    },
    {
      "name": "fake_async",
      "rootUri": "file:///C:/Users/lenovo/AppData/Local/Pub/Cache/hosted/pub.flutter-io.cn/fake_async-1.3.1",
      "packageUri": "lib/",
      "languageVersion": "2.12"
    },
    {
      "name": "ffi",
      "rootUri": "file:///C:/Users/lenovo/AppData/Local/Pub/Cache/hosted/pub.flutter-io.cn/ffi-2.0.1",
      "packageUri": "lib/",
      "languageVersion": "2.17"
    },
    {
      "name": "file",
      "rootUri": "file:///C:/Users/lenovo/AppData/Local/Pub/Cache/hosted/pub.flutter-io.cn/file-6.1.2",
      "packageUri": "lib/",
      "languageVersion": "2.12"
    },
    {
      "name": "flutter",
      "rootUri": "file:///D:/flutter/packages/flutter",
      "packageUri": "lib/",
      "languageVersion": "2.17"
    },
    {
      "name": "flutter_cupertino_datetime_picker",
      "rootUri": "file:///C:/Users/lenovo/AppData/Local/Pub/Cache/hosted/pub.flutter-io.cn/flutter_cupertino_datetime_picker-3.0.0",
      "packageUri": "lib/",
      "languageVersion": "2.12"
    },
    {
      "name": "flutter_easyrefresh",
      "rootUri": "file:///C:/Users/lenovo/AppData/Local/Pub/Cache/hosted/pub.flutter-io.cn/flutter_easyrefresh-2.2.2",
      "packageUri": "lib/",
      "languageVersion": "2.12"
    },
    {
      "name": "flutter_keyboard_visibility",
      "rootUri": "file:///C:/Users/lenovo/AppData/Local/Pub/Cache/hosted/pub.flutter-io.cn/flutter_keyboard_visibility-5.3.0",
      "packageUri": "lib/",
      "languageVersion": "2.12"
    },
    {
      "name": "flutter_keyboard_visibility_platform_interface",
      "rootUri": "file:///C:/Users/lenovo/AppData/Local/Pub/Cache/hosted/pub.flutter-io.cn/flutter_keyboard_visibility_platform_interface-2.0.0",
      "packageUri": "lib/",
      "languageVersion": "2.12"
    },
    {
      "name": "flutter_keyboard_visibility_web",
      "rootUri": "file:///C:/Users/lenovo/AppData/Local/Pub/Cache/hosted/pub.flutter-io.cn/flutter_keyboard_visibility_web-2.0.0",
      "packageUri": "lib/",
      "languageVersion": "2.12"
    },
    {
      "name": "flutter_lints",
      "rootUri": "file:///C:/Users/lenovo/AppData/Local/Pub/Cache/hosted/pub.flutter-io.cn/flutter_lints-2.0.1",
      "packageUri": "lib/",
      "languageVersion": "2.17"
    },
    {
      "name": "flutter_test",
      "rootUri": "file:///D:/flutter/packages/flutter_test",
      "packageUri": "lib/",
      "languageVersion": "2.17"
    },
    {
      "name": "flutter_web_plugins",
      "rootUri": "file:///D:/flutter/packages/flutter_web_plugins",
      "packageUri": "lib/",
      "languageVersion": "2.17"
    },
    {
      "name": "get",
      "rootUri": "file:///C:/Users/lenovo/AppData/Local/Pub/Cache/hosted/pub.flutter-io.cn/get-4.6.5",
      "packageUri": "lib/",
      "languageVersion": "2.15"
    },
    {
      "name": "html",
      "rootUri": "file:///C:/Users/lenovo/AppData/Local/Pub/Cache/hosted/pub.flutter-io.cn/html-0.15.0",
      "packageUri": "lib/",
      "languageVersion": "2.12"
    },
    {
      "name": "http",
      "rootUri": "file:///C:/Users/lenovo/AppData/Local/Pub/Cache/hosted/pub.flutter-io.cn/http-0.13.5",
      "packageUri": "lib/",
      "languageVersion": "2.14"
    },
    {
      "name": "http_parser",
      "rootUri": "file:///C:/Users/lenovo/AppData/Local/Pub/Cache/hosted/pub.flutter-io.cn/http_parser-4.0.1",
      "packageUri": "lib/",
      "languageVersion": "2.12"
    },
    {
      "name": "js",
      "rootUri": "file:///C:/Users/lenovo/AppData/Local/Pub/Cache/hosted/pub.flutter-io.cn/js-0.6.4",
      "packageUri": "lib/",
      "languageVersion": "2.16"
    },
    {
      "name": "lints",
      "rootUri": "file:///C:/Users/lenovo/AppData/Local/Pub/Cache/hosted/pub.flutter-io.cn/lints-2.0.0",
      "packageUri": "lib/",
      "languageVersion": "2.17"
    },
    {
      "name": "matcher",
      "rootUri": "file:///C:/Users/lenovo/AppData/Local/Pub/Cache/hosted/pub.flutter-io.cn/matcher-0.12.12",
      "packageUri": "lib/",
      "languageVersion": "2.12"
    },
    {
      "name": "material_color_utilities",
      "rootUri": "file:///C:/Users/lenovo/AppData/Local/Pub/Cache/hosted/pub.flutter-io.cn/material_color_utilities-0.1.5",
      "packageUri": "lib/",
      "languageVersion": "2.13"
    },
    {
      "name": "meta",
      "rootUri": "file:///C:/Users/lenovo/AppData/Local/Pub/Cache/hosted/pub.flutter-io.cn/meta-1.8.0",
      "packageUri": "lib/",
      "languageVersion": "2.12"
    },
    {
      "name": "path",
      "rootUri": "file:///C:/Users/lenovo/AppData/Local/Pub/Cache/hosted/pub.flutter-io.cn/path-1.8.2",
      "packageUri": "lib/",
      "languageVersion": "2.12"
    },
    {
      "name": "path_provider_linux",
      "rootUri": "file:///C:/Users/lenovo/AppData/Local/Pub/Cache/hosted/pub.flutter-io.cn/path_provider_linux-2.1.7",
      "packageUri": "lib/",
      "languageVersion": "2.12"
    },
    {
      "name": "path_provider_platform_interface",
      "rootUri": "file:///C:/Users/lenovo/AppData/Local/Pub/Cache/hosted/pub.flutter-io.cn/path_provider_platform_interface-2.0.4",
      "packageUri": "lib/",
      "languageVersion": "2.12"
    },
    {
      "name": "path_provider_windows",
      "rootUri": "file:///C:/Users/lenovo/AppData/Local/Pub/Cache/hosted/pub.flutter-io.cn/path_provider_windows-2.1.2",
      "packageUri": "lib/",
      "languageVersion": "2.17"
    },
    {
      "name": "platform",
      "rootUri": "file:///C:/Users/lenovo/AppData/Local/Pub/Cache/hosted/pub.flutter-io.cn/platform-3.1.0",
      "packageUri": "lib/",
      "languageVersion": "2.12"
    },
    {
      "name": "plugin_platform_interface",
      "rootUri": "file:///C:/Users/lenovo/AppData/Local/Pub/Cache/hosted/pub.flutter-io.cn/plugin_platform_interface-2.1.2",
      "packageUri": "lib/",
      "languageVersion": "2.12"
    },
    {
      "name": "process",
      "rootUri": "file:///C:/Users/lenovo/AppData/Local/Pub/Cache/hosted/pub.flutter-io.cn/process-4.2.4",
      "packageUri": "lib/",
      "languageVersion": "2.14"
    },
    {
      "name": "shared_preferences",
      "rootUri": "file:///C:/Users/lenovo/AppData/Local/Pub/Cache/hosted/pub.flutter-io.cn/shared_preferences-2.0.15",
      "packageUri": "lib/",
      "languageVersion": "2.14"
    },
    {
      "name": "shared_preferences_android",
      "rootUri": "file:///C:/Users/lenovo/AppData/Local/Pub/Cache/hosted/pub.flutter-io.cn/shared_preferences_android-2.0.12",
      "packageUri": "lib/",
      "languageVersion": "2.14"
    },
    {
      "name": "shared_preferences_ios",
      "rootUri": "file:///C:/Users/lenovo/AppData/Local/Pub/Cache/hosted/pub.flutter-io.cn/shared_preferences_ios-2.1.1",
      "packageUri": "lib/",
      "languageVersion": "2.14"
    },
    {
      "name": "shared_preferences_linux",
      "rootUri": "file:///C:/Users/lenovo/AppData/Local/Pub/Cache/hosted/pub.flutter-io.cn/shared_preferences_linux-2.1.1",
      "packageUri": "lib/",
      "languageVersion": "2.12"
    },
    {
      "name": "shared_preferences_macos",
      "rootUri": "file:///C:/Users/lenovo/AppData/Local/Pub/Cache/hosted/pub.flutter-io.cn/shared_preferences_macos-2.0.4",
      "packageUri": "lib/",
      "languageVersion": "2.12"
    },
    {
      "name": "shared_preferences_platform_interface",
      "rootUri": "file:///C:/Users/lenovo/AppData/Local/Pub/Cache/hosted/pub.flutter-io.cn/shared_preferences_platform_interface-2.0.0",
      "packageUri": "lib/",
      "languageVersion": "2.12"
    },
    {
      "name": "shared_preferences_web",
      "rootUri": "file:///C:/Users/lenovo/AppData/Local/Pub/Cache/hosted/pub.flutter-io.cn/shared_preferences_web-2.0.4",
      "packageUri": "lib/",
      "languageVersion": "2.12"
    },
    {
      "name": "shared_preferences_windows",
      "rootUri": "file:///C:/Users/lenovo/AppData/Local/Pub/Cache/hosted/pub.flutter-io.cn/shared_preferences_windows-2.1.1",
      "packageUri": "lib/",
      "languageVersion": "2.12"
    },
    {
      "name": "sky_engine",
      "rootUri": "file:///D:/flutter/bin/cache/pkg/sky_engine",
      "packageUri": "lib/",
      "languageVersion": "2.12"
    },
    {
      "name": "source_span",
      "rootUri": "file:///C:/Users/lenovo/AppData/Local/Pub/Cache/hosted/pub.flutter-io.cn/source_span-1.9.0",
      "packageUri": "lib/",
      "languageVersion": "2.14"
    },
    {
      "name": "sqflite",
      "rootUri": "file:///C:/Users/lenovo/AppData/Local/Pub/Cache/hosted/pub.flutter-io.cn/sqflite-2.0.3+1",
      "packageUri": "lib/",
      "languageVersion": "2.16"
    },
    {
      "name": "sqflite_common",
      "rootUri": "file:///C:/Users/lenovo/AppData/Local/Pub/Cache/hosted/pub.flutter-io.cn/sqflite_common-2.2.1+1",
      "packageUri": "lib/",
      "languageVersion": "2.16"
    },
    {
      "name": "stack_trace",
      "rootUri": "file:///C:/Users/lenovo/AppData/Local/Pub/Cache/hosted/pub.flutter-io.cn/stack_trace-1.10.0",
      "packageUri": "lib/",
      "languageVersion": "2.12"
    },
    {
      "name": "stream_channel",
      "rootUri": "file:///C:/Users/lenovo/AppData/Local/Pub/Cache/hosted/pub.flutter-io.cn/stream_channel-2.1.0",
      "packageUri": "lib/",
      "languageVersion": "2.12"
    },
    {
      "name": "string_scanner",
      "rootUri": "file:///C:/Users/lenovo/AppData/Local/Pub/Cache/hosted/pub.flutter-io.cn/string_scanner-1.1.1",
      "packageUri": "lib/",
      "languageVersion": "2.12"
    },
    {
      "name": "synchronized",
      "rootUri": "file:///C:/Users/lenovo/AppData/Local/Pub/Cache/hosted/pub.flutter-io.cn/synchronized-3.0.0+2",
      "packageUri": "lib/",
      "languageVersion": "2.14"
    },
    {
      "name": "term_glyph",
      "rootUri": "file:///C:/Users/lenovo/AppData/Local/Pub/Cache/hosted/pub.flutter-io.cn/term_glyph-1.2.1",
      "packageUri": "lib/",
      "languageVersion": "2.12"
    },
    {
      "name": "test_api",
      "rootUri": "file:///C:/Users/lenovo/AppData/Local/Pub/Cache/hosted/pub.flutter-io.cn/test_api-0.4.12",
      "packageUri": "lib/",
      "languageVersion": "2.12"
    },
    {
      "name": "typed_data",
      "rootUri": "file:///C:/Users/lenovo/AppData/Local/Pub/Cache/hosted/pub.flutter-io.cn/typed_data-1.3.1",
      "packageUri": "lib/",
      "languageVersion": "2.12"
    },
    {
      "name": "vector_math",
      "rootUri": "file:///C:/Users/lenovo/AppData/Local/Pub/Cache/hosted/pub.flutter-io.cn/vector_math-2.1.2",
      "packageUri": "lib/",
      "languageVersion": "2.14"
    },
    {
      "name": "video_player",
      "rootUri": "file:///C:/Users/lenovo/AppData/Local/Pub/Cache/hosted/pub.flutter-io.cn/video_player-2.4.6",
      "packageUri": "lib/",
      "languageVersion": "2.14"
    },
    {
      "name": "video_player_android",
      "rootUri": "file:///C:/Users/lenovo/AppData/Local/Pub/Cache/hosted/pub.flutter-io.cn/video_player_android-2.3.8",
      "packageUri": "lib/",
      "languageVersion": "2.14"
    },
    {
      "name": "video_player_avfoundation",
      "rootUri": "file:///C:/Users/lenovo/AppData/Local/Pub/Cache/hosted/pub.flutter-io.cn/video_player_avfoundation-2.3.5",
      "packageUri": "lib/",
      "languageVersion": "2.14"
    },
    {
      "name": "video_player_platform_interface",
      "rootUri": "file:///C:/Users/lenovo/AppData/Local/Pub/Cache/hosted/pub.flutter-io.cn/video_player_platform_interface-5.1.4",
      "packageUri": "lib/",
      "languageVersion": "2.12"
    },
    {
      "name": "video_player_web",
      "rootUri": "file:///C:/Users/lenovo/AppData/Local/Pub/Cache/hosted/pub.flutter-io.cn/video_player_web-2.0.12",
      "packageUri": "lib/",
      "languageVersion": "2.12"
    },
    {
      "name": "win32",
      "rootUri": "file:///C:/Users/lenovo/AppData/Local/Pub/Cache/hosted/pub.flutter-io.cn/win32-2.7.0",
      "packageUri": "lib/",
      "languageVersion": "2.17"
    },
    {
      "name": "xdg_directories",
      "rootUri": "file:///C:/Users/lenovo/AppData/Local/Pub/Cache/hosted/pub.flutter-io.cn/xdg_directories-0.2.0+1",
      "packageUri": "lib/",
      "languageVersion": "2.12"
    },
    {
      "name": "board_app",
      "rootUri": "../",
      "packageUri": "lib/",
      "languageVersion": "2.18"
    }
  ],
  "generated": "2022-08-20T17:31:11.842655Z",
  "generator": "pub",
  "generatorVersion": "2.18.0-271.4.beta"
}
