<component name="libraryTable">
  <library name="Dart Packages" type="DartPackagesLibraryType">
    <properties>
      <option name="packageNameToDirsMap">
        <entry key="async">
          <value>
            <list>
              <option value="$USER_HOME$/AppData/Local/Pub/Cache/hosted/pub.flutter-io.cn/async-2.9.0/lib" />
            </list>
          </value>
        </entry>
        <entry key="boolean_selector">
          <value>
            <list>
              <option value="$USER_HOME$/AppData/Local/Pub/Cache/hosted/pub.flutter-io.cn/boolean_selector-2.1.0/lib" />
            </list>
          </value>
        </entry>
        <entry key="characters">
          <value>
            <list>
              <option value="$USER_HOME$/AppData/Local/Pub/Cache/hosted/pub.flutter-io.cn/characters-1.2.1/lib" />
            </list>
          </value>
        </entry>
        <entry key="clock">
          <value>
            <list>
              <option value="$USER_HOME$/AppData/Local/Pub/Cache/hosted/pub.flutter-io.cn/clock-1.1.1/lib" />
            </list>
          </value>
        </entry>
        <entry key="collection">
          <value>
            <list>
              <option value="$USER_HOME$/AppData/Local/Pub/Cache/hosted/pub.flutter-io.cn/collection-1.16.0/lib" />
            </list>
          </value>
        </entry>
        <entry key="cupertino_icons">
          <value>
            <list>
              <option value="$USER_HOME$/AppData/Local/Pub/Cache/hosted/pub.flutter-io.cn/cupertino_icons-1.0.5/lib" />
            </list>
          </value>
        </entry>
        <entry key="fake_async">
          <value>
            <list>
              <option value="$USER_HOME$/AppData/Local/Pub/Cache/hosted/pub.flutter-io.cn/fake_async-1.3.1/lib" />
            </list>
          </value>
        </entry>
        <entry key="flutter">
          <value>
            <list>
              <option value="$PROJECT_DIR$/../../flutter/packages/flutter/lib" />
            </list>
          </value>
        </entry>
        <entry key="flutter_lints">
          <value>
            <list>
              <option value="$USER_HOME$/AppData/Local/Pub/Cache/hosted/pub.flutter-io.cn/flutter_lints-2.0.1/lib" />
            </list>
          </value>
        </entry>
        <entry key="flutter_test">
          <value>
            <list>
              <option value="$PROJECT_DIR$/../../flutter/packages/flutter_test/lib" />
            </list>
          </value>
        </entry>
        <entry key="lints">
          <value>
            <list>
              <option value="$USER_HOME$/AppData/Local/Pub/Cache/hosted/pub.flutter-io.cn/lints-2.0.0/lib" />
            </list>
          </value>
        </entry>
        <entry key="matcher">
          <value>
            <list>
              <option value="$USER_HOME$/AppData/Local/Pub/Cache/hosted/pub.flutter-io.cn/matcher-0.12.12/lib" />
            </list>
          </value>
        </entry>
        <entry key="material_color_utilities">
          <value>
            <list>
              <option value="$USER_HOME$/AppData/Local/Pub/Cache/hosted/pub.flutter-io.cn/material_color_utilities-0.1.5/lib" />
            </list>
          </value>
        </entry>
        <entry key="meta">
          <value>
            <list>
              <option value="$USER_HOME$/AppData/Local/Pub/Cache/hosted/pub.flutter-io.cn/meta-1.8.0/lib" />
            </list>
          </value>
        </entry>
        <entry key="path">
          <value>
            <list>
              <option value="$USER_HOME$/AppData/Local/Pub/Cache/hosted/pub.flutter-io.cn/path-1.8.2/lib" />
            </list>
          </value>
        </entry>
        <entry key="sky_engine">
          <value>
            <list>
              <option value="$PROJECT_DIR$/../../flutter/bin/cache/pkg/sky_engine/lib" />
            </list>
          </value>
        </entry>
        <entry key="source_span">
          <value>
            <list>
              <option value="$USER_HOME$/AppData/Local/Pub/Cache/hosted/pub.flutter-io.cn/source_span-1.9.0/lib" />
            </list>
          </value>
        </entry>
        <entry key="stack_trace">
          <value>
            <list>
              <option value="$USER_HOME$/AppData/Local/Pub/Cache/hosted/pub.flutter-io.cn/stack_trace-1.10.0/lib" />
            </list>
          </value>
        </entry>
        <entry key="stream_channel">
          <value>
            <list>
              <option value="$USER_HOME$/AppData/Local/Pub/Cache/hosted/pub.flutter-io.cn/stream_channel-2.1.0/lib" />
            </list>
          </value>
        </entry>
        <entry key="string_scanner">
          <value>
            <list>
              <option value="$USER_HOME$/AppData/Local/Pub/Cache/hosted/pub.flutter-io.cn/string_scanner-1.1.1/lib" />
            </list>
          </value>
        </entry>
        <entry key="term_glyph">
          <value>
            <list>
              <option value="$USER_HOME$/AppData/Local/Pub/Cache/hosted/pub.flutter-io.cn/term_glyph-1.2.1/lib" />
            </list>
          </value>
        </entry>
        <entry key="test_api">
          <value>
            <list>
              <option value="$USER_HOME$/AppData/Local/Pub/Cache/hosted/pub.flutter-io.cn/test_api-0.4.12/lib" />
            </list>
          </value>
        </entry>
        <entry key="vector_math">
          <value>
            <list>
              <option value="$USER_HOME$/AppData/Local/Pub/Cache/hosted/pub.flutter-io.cn/vector_math-2.1.2/lib" />
            </list>
          </value>
        </entry>
      </option>
    </properties>
    <CLASSES>
      <root url="file://$USER_HOME$/AppData/Local/Pub/Cache/hosted/pub.flutter-io.cn/async-2.9.0/lib" />
      <root url="file://$USER_HOME$/AppData/Local/Pub/Cache/hosted/pub.flutter-io.cn/boolean_selector-2.1.0/lib" />
      <root url="file://$USER_HOME$/AppData/Local/Pub/Cache/hosted/pub.flutter-io.cn/characters-1.2.1/lib" />
      <root url="file://$USER_HOME$/AppData/Local/Pub/Cache/hosted/pub.flutter-io.cn/clock-1.1.1/lib" />
      <root url="file://$USER_HOME$/AppData/Local/Pub/Cache/hosted/pub.flutter-io.cn/collection-1.16.0/lib" />
      <root url="file://$USER_HOME$/AppData/Local/Pub/Cache/hosted/pub.flutter-io.cn/cupertino_icons-1.0.5/lib" />
      <root url="file://$USER_HOME$/AppData/Local/Pub/Cache/hosted/pub.flutter-io.cn/fake_async-1.3.1/lib" />
      <root url="file://$USER_HOME$/AppData/Local/Pub/Cache/hosted/pub.flutter-io.cn/flutter_lints-2.0.1/lib" />
      <root url="file://$USER_HOME$/AppData/Local/Pub/Cache/hosted/pub.flutter-io.cn/lints-2.0.0/lib" />
      <root url="file://$USER_HOME$/AppData/Local/Pub/Cache/hosted/pub.flutter-io.cn/matcher-0.12.12/lib" />
      <root url="file://$USER_HOME$/AppData/Local/Pub/Cache/hosted/pub.flutter-io.cn/material_color_utilities-0.1.5/lib" />
      <root url="file://$USER_HOME$/AppData/Local/Pub/Cache/hosted/pub.flutter-io.cn/meta-1.8.0/lib" />
      <root url="file://$USER_HOME$/AppData/Local/Pub/Cache/hosted/pub.flutter-io.cn/path-1.8.2/lib" />
      <root url="file://$USER_HOME$/AppData/Local/Pub/Cache/hosted/pub.flutter-io.cn/source_span-1.9.0/lib" />
      <root url="file://$USER_HOME$/AppData/Local/Pub/Cache/hosted/pub.flutter-io.cn/stack_trace-1.10.0/lib" />
      <root url="file://$USER_HOME$/AppData/Local/Pub/Cache/hosted/pub.flutter-io.cn/stream_channel-2.1.0/lib" />
      <root url="file://$USER_HOME$/AppData/Local/Pub/Cache/hosted/pub.flutter-io.cn/string_scanner-1.1.1/lib" />
      <root url="file://$USER_HOME$/AppData/Local/Pub/Cache/hosted/pub.flutter-io.cn/term_glyph-1.2.1/lib" />
      <root url="file://$USER_HOME$/AppData/Local/Pub/Cache/hosted/pub.flutter-io.cn/test_api-0.4.12/lib" />
      <root url="file://$USER_HOME$/AppData/Local/Pub/Cache/hosted/pub.flutter-io.cn/vector_math-2.1.2/lib" />
      <root url="file://$PROJECT_DIR$/../../flutter/bin/cache/pkg/sky_engine/lib" />
      <root url="file://$PROJECT_DIR$/../../flutter/packages/flutter/lib" />
      <root url="file://$PROJECT_DIR$/../../flutter/packages/flutter_test/lib" />
    </CLASSES>
    <JAVADOC />
    <SOURCES />
  </library>
</component>