<?xml version="1.0" encoding="UTF-8"?>
<project version="4">
  <component name="AutoImportSettings">
    <option name="autoReloadType" value="NONE" />
  </component>
  <component name="ChangeListManager">
    <list default="true" id="058438f2-a272-4cb6-8e8a-cb3b59726c96" name="Changes" comment="" />
    <option name="SHOW_DIALOG" value="false" />
    <option name="HIGHLIGHT_CONFLICTS" value="true" />
    <option name="HIGHLIGHT_NON_ACTIVE_CHANGELIST" value="false" />
    <option name="LAST_RESOLUTION" value="IGNORE" />
  </component>
  <component name="ProjectId" id="2D7R05WufeKj6ULuya4rYy8JHl9" />
  <component name="ProjectViewState">
    <option name="hideEmptyMiddlePackages" value="true" />
    <option name="showLibraryContents" value="true" />
  </component>
  <component name="PropertiesComponent">
    <property name="RunOnceActivity.OpenProjectViewOnStart" value="true" />
    <property name="RunOnceActivity.ShowReadmeOnStart" value="true" />
    <property name="RunOnceActivity.cidr.known.project.marker" value="true" />
    <property name="cidr.known.project.marker" value="true" />
    <property name="dart.analysis.tool.window.visible" value="false" />
    <property name="show.migrate.to.gradle.popup" value="false" />
  </component>
  <component name="RunManager">
    <configuration name="main.dart" type="FlutterRunConfigurationType" factoryName="Flutter">
      <option name="filePath" value="$PROJECT_DIR$/lib/main.dart" />
      <method v="2" />
    </configuration>
  </component>
  <component name="SpellCheckerSettings" RuntimeDictionaries="0" Folders="0" CustomDictionaries="0" DefaultDictionary="application-level" UseSingleDictionary="true" transferred="true" />
  <component name="TaskManager">
    <task active="true" id="Default" summary="Default task">
      <changelist id="058438f2-a272-4cb6-8e8a-cb3b59726c96" name="Changes" comment="" />
      <created>1660047939996</created>
      <option name="number" value="Default" />
      <option name="presentableId" value="Default" />
      <updated>1660047939996</updated>
    </task>
    <servers />
  </component>
</project>